{"1.5": 0.1351374, "1.0": 0.094, "2.0": 0.1663979, "3.0": 0.2157325, "4.0": 0.2557201, "5.0": 0.2902499, "2.5": 0.1926509, "7.0": 0.3492127, "8.0": 0.3752356, "9.0": 0.3995673, "10.0": 0.4225, "11.0": 0.4431076, "12.0": 0.4627984, "13.0": 0.481685, "14.0": 0.4998584, "15.0": 0.517394, "16.0": 0.5343543, "4.5": 0.2735304, "18.0": 0.5667545, "19.0": 0.5822789, "11.5": 0.45306, "21.0": 0.6121573, "22.0": 0.6265671, "23.0": 0.640653, "12.5": 0.4723361, "5.5": 0.3060574, "26.0": 0.6811649, "27.0": 0.6941437, "13.5": 0.4908558, "29.0": 0.7193991, "30.0": 0.7317, "8.5": 0.3875924, "9.5": 0.4111936, "33.0": 0.749761, "14.5": 0.5087018, "35.0": 0.7615638, "15.5": 0.5259425, "6.0": 0.3210876, "19.5": 0.5898879, "39.0": 0.784637, "20.5": 0.6048188, "28.0": 0.7068842, "22.5": 0.6336492, "37.5": 0.776065, "24.5": 0.6612193, "26.5": 0.6876849, "28.5": 0.7131691, "31.0": 0.7377695, "30.5": 0.7377735, "16.5": 0.5426358, "17.5": 0.5588306, "32.0": 0.7437894, "34.5": 0.7586304, "34.0": 0.7556855, "38.5": 0.7817901, "33.5": 0.7527291, "40.5": 0.7931164, "24.0": 0.6544356, "36.0": 0.7673972, "35.5": 0.7644861, "37.0": 0.7731865, "3.5": 0.2365727, "10.5": 0.4335117, "32.5": 0.7467812, "38.0": 0.7789328, "18.5": 0.5745692, "17.0": 0.5507927, "21.5": 0.6194041, "23.5": 0.647581, "39.5": 0.7874736, "40.0": 0.7903, "25.5": 0.6745819, "25.0": 0.667934, "27.5": 0.7005429, "20.0": 0.5974, "29.5": 0.7255756, "36.5": 0.7702973, "7.5": 0.3624578, "31.5": 0.7407856, "6.5": 0.335445}